"index","title","file_name","size_bytes","size_mb","width","height","thumb_width","thumb_height","preview_url","original_url","source_page","license","license_url","artist","credit"
"1","File:""Consider the lilies..."".gif","01_Consider_the_lilies..._.gif","5167812","4,93","0","0","0","0","https://upload.wikimedia.org/wikipedia/commons/0/0f/%22Consider_the_lilies...%22.gif?utm_source=commons.wikimedia.org&utm_campaign=imageinfo&utm_content=original","https://upload.wikimedia.org/wikipedia/commons/0/0f/%22Consider_the_lilies...%22.gif?utm_source=commons.wikimedia.org&utm_campaign=imageinfo&utm_content=original","https://commons.wikimedia.org/wiki/File%3A%22Consider_the_lilies...%22.gif","Public domain","","B.W. Kilburn","Stereoscopic postcard, B.W. Kilburn, Littleton, N.H."
"2","File:""Minor edit"" option on Odia Wikipedia.gif","02_Minor_edit__option_on_Odia_Wikipedia.gif","566313","0,54","0","0","0","0","https://upload.wikimedia.org/wikipedia/commons/9/95/%22Minor_edit%22_option_on_Odia_Wikipedia.gif?utm_source=commons.wikimedia.org&utm_campaign=imageinfo&utm_content=original","https://upload.wikimedia.org/wikipedia/commons/9/95/%22Minor_edit%22_option_on_Odia_Wikipedia.gif?utm_source=commons.wikimedia.org&utm_campaign=imageinfo&utm_content=original","https://commons.wikimedia.org/wiki/File%3A%22Minor_edit%22_option_on_Odia_Wikipedia.gif","CC BY-SA 4.0","https://creativecommons.org/licenses/by-sa/4.0","Subhashish Panigrahi","Own work"
"3","File:""Popcorn cumulus"" cloud streets in Venezuela (CIRA 2018-10-16).gif","03_Popcorn_cumulus__cloud_streets_in_Venezuela_(CIRA_2018-10-16).gif","26109040","24,9","0","0","0","0","https://upload.wikimedia.org/wikipedia/commons/d/d3/%22Popcorn_cumulus%22_cloud_streets_in_Venezuela_%28CIRA_2018-10-16%29.gif?utm_source=commons.wikimedia.org&utm_campaign=imageinfo&utm_content=original","https://upload.wikimedia.org/wikipedia/commons/d/d3/%22Popcorn_cumulus%22_cloud_streets_in_Venezuela_%28CIRA_2018-10-16%29.gif?utm_source=commons.wikimedia.org&utm_campaign=imageinfo&utm_content=original","https://commons.wikimedia.org/wiki/File%3A%22Popcorn_cumulus%22_cloud_streets_in_Venezuela_(CIRA_2018-10-16).gif","Public domain","","GOES imagery: CSU/CIRA & NOAA","""Popcorn cumulus"" cloud streets in Venezuela"
"4","File:""The lights are out and gone are all the guests."".gif","04_The_lights_are_out_and_gone_are_all_the_guests._.gif","4412773","4,21","0","0","0","0","https://upload.wikimedia.org/wikipedia/commons/d/df/%22The_lights_are_out_and_gone_are_all_the_guests.%22.gif?utm_source=commons.wikimedia.org&utm_campaign=imageinfo&utm_content=original","https://upload.wikimedia.org/wikipedia/commons/d/df/%22The_lights_are_out_and_gone_are_all_the_guests.%22.gif?utm_source=commons.wikimedia.org&utm_campaign=imageinfo&utm_content=original","https://commons.wikimedia.org/wiki/File%3A%22The_lights_are_out_and_gone_are_all_the_guests.%22.gif","Public domain","","B.W. Kilburn","Stereoscopic postcard, B.W. Kilburn, Littleton, N.H."
"5","File:""There's no place like home."".gif","05_There's_no_place_like_home._.gif","5026602","4,79","0","0","0","0","https://upload.wikimedia.org/wikipedia/commons/0/05/%22There%27s_no_place_like_home.%22.gif?utm_source=commons.wikimedia.org&utm_campaign=imageinfo&utm_content=original","https://upload.wikimedia.org/wikipedia/commons/0/05/%22There%27s_no_place_like_home.%22.gif?utm_source=commons.wikimedia.org&utm_campaign=imageinfo&utm_content=original","https://commons.wikimedia.org/wiki/File%3A%22There's_no_place_like_home.%22.gif","Public domain","","B.W. Kilburn","Stereoscopic postcard, B.W. Kilburn, Littleton, N.H."
"6","File:""Work in progress"", animated.gif","06_Work_in_progress_,_animated.gif","27242","0,03","0","0","0","0","https://upload.wikimedia.org/wikipedia/commons/e/e6/%22Work_in_progress%22%2C_animated.gif?utm_source=commons.wikimedia.org&utm_campaign=imageinfo&utm_content=original","https://upload.wikimedia.org/wikipedia/commons/e/e6/%22Work_in_progress%22%2C_animated.gif?utm_source=commons.wikimedia.org&utm_campaign=imageinfo&utm_content=original","https://commons.wikimedia.org/wiki/File%3A%22Work_in_progress%22%2C_animated.gif","Public domain","","User:Mattes","Own work"
"7","File:(33342) 1998 WT24 bistatic radar image.gif","07_(33342)_1998_WT24_bistatic_radar_image.gif","116824","0,11","0","0","0","0","https://upload.wikimedia.org/wikipedia/commons/0/03/%2833342%29_1998_WT24_bistatic_radar_image.gif?utm_source=commons.wikimedia.org&utm_campaign=imageinfo&utm_content=original","https://upload.wikimedia.org/wikipedia/commons/0/03/%2833342%29_1998_WT24_bistatic_radar_image.gif?utm_source=commons.wikimedia.org&utm_campaign=imageinfo&utm_content=original","https://commons.wikimedia.org/wiki/File%3A(33342)_1998_WT24_bistatic_radar_image.gif","Public domain","","Duckysmokton","Animation created from image [1]"
"8","File:.Animation of Hayabusa2 orbit.gif","08_.Animation_of_Hayabusa2_orbit.gif","7262063","6,93","0","0","0","0","https://upload.wikimedia.org/wikipedia/commons/9/96/.Animation_of_Hayabusa2_orbit.gif?utm_source=commons.wikimedia.org&utm_campaign=imageinfo&utm_content=original","https://upload.wikimedia.org/wikipedia/commons/9/96/.Animation_of_Hayabusa2_orbit.gif?utm_source=commons.wikimedia.org&utm_campaign=imageinfo&utm_content=original","https://commons.wikimedia.org/wiki/File%3A.Animation_of_Hayabusa2_orbit.gif","CC BY-SA 4.0","https://creativecommons.org/licenses/by-sa/4.0","Phoenix7777","Own work Data source: HORIZONS System , JPL, NASA"
"9","File:+44logo.gif","09_+44logo.gif","457344","0,44","0","0","0","0","https://upload.wikimedia.org/wikipedia/commons/4/4b/%2B44logo.gif?utm_source=commons.wikimedia.org&utm_campaign=imageinfo&utm_content=original","https://upload.wikimedia.org/wikipedia/commons/4/4b/%2B44logo.gif?utm_source=commons.wikimedia.org&utm_campaign=imageinfo&utm_content=original","https://commons.wikimedia.org/wiki/File%3A%2B44logo.gif","CC BY-SA 4.0","https://creativecommons.org/licenses/by-sa/4.0","Pokersfield","Own work"
"10","File:00001 Image Ich-hätte-fast-eine-EMU-TION.gif","10_00001_Image_Ich-h_tte-fast-eine-EMU-TION.gif","233836","0,22","0","0","0","0","https://upload.wikimedia.org/wikipedia/commons/5/56/00001_Image_Ich-h%C3%A4tte-fast-eine-EMU-TION.gif?utm_source=commons.wikimedia.org&utm_campaign=imageinfo&utm_content=original","https://upload.wikimedia.org/wikipedia/commons/5/56/00001_Image_Ich-h%C3%A4tte-fast-eine-EMU-TION.gif?utm_source=commons.wikimedia.org&utm_campaign=imageinfo&utm_content=original","https://commons.wikimedia.org/wiki/File%3A00001_Image_Ich-h%C3%A4tte-fast-eine-EMU-TION.gif","CC BY-SA 4.0","https://creativecommons.org/licenses/by-sa/4.0","Lupus in Saxonia","Own work"
"11","File:001 Arteriovenous Malformation MRT T2 axial.gif","11_001_Arteriovenous_Malformation_MRT_T2_axial.gif","704156","0,67","0","0","0","0","https://upload.wikimedia.org/wikipedia/commons/7/74/001_Arteriovenous_Malformation_MRT_T2_axial.gif?utm_source=commons.wikimedia.org&utm_campaign=imageinfo&utm_content=original","https://upload.wikimedia.org/wikipedia/commons/7/74/001_Arteriovenous_Malformation_MRT_T2_axial.gif?utm_source=commons.wikimedia.org&utm_campaign=imageinfo&utm_content=original","https://commons.wikimedia.org/wiki/File%3A001_Arteriovenous_Malformation_MRT_T2_axial.gif","CC BY-SA 3.0","https://creativecommons.org/licenses/by-sa/3.0","Hellerhoff","Own work"
"12","File:0011p8301Campanile1.gif","12_0011p8301Campanile1.gif","1110124","1,06","0","0","0","0","https://upload.wikimedia.org/wikipedia/commons/8/81/0011p8301Campanile1.gif?utm_source=commons.wikimedia.org&utm_campaign=imageinfo&utm_content=original","https://upload.wikimedia.org/wikipedia/commons/8/81/0011p8301Campanile1.gif?utm_source=commons.wikimedia.org&utm_campaign=imageinfo&utm_content=original","https://commons.wikimedia.org/wiki/File%3A0011p8301Campanile1.gif","CC BY 3.0","https://creativecommons.org/licenses/by/3.0","Mrewitz","Own work"
"13","File:0031p0506Matthaeus1.gif","13_0031p0506Matthaeus1.gif","1026930","0,98","0","0","0","0","https://upload.wikimedia.org/wikipedia/commons/8/83/0031p0506Matthaeus1.gif?utm_source=commons.wikimedia.org&utm_campaign=imageinfo&utm_content=original","https://upload.wikimedia.org/wikipedia/commons/8/83/0031p0506Matthaeus1.gif?utm_source=commons.wikimedia.org&utm_campaign=imageinfo&utm_content=original","https://commons.wikimedia.org/wiki/File%3A0031p0506Matthaeus1.gif","CC BY 3.0","https://creativecommons.org/licenses/by/3.0","Mrewitz","Own work"
"14","File:01 gif animation experimental digital photography by Rick Doble.gif","14_01_gif_animation_experimental_digital_photography_by_Rick_Doble.gif","152021","0,14","0","0","0","0","https://upload.wikimedia.org/wikipedia/commons/3/3d/01_gif_animation_experimental_digital_photography_by_Rick_Doble.gif?utm_source=commons.wikimedia.org&utm_campaign=imageinfo&utm_content=original","https://upload.wikimedia.org/wikipedia/commons/3/3d/01_gif_animation_experimental_digital_photography_by_Rick_Doble.gif?utm_source=commons.wikimedia.org&utm_campaign=imageinfo&utm_content=original","https://commons.wikimedia.org/wiki/File%3A01_gif_animation_experimental_digital_photography_by_Rick_Doble.gif","CC BY-SA 4.0","https://creativecommons.org/licenses/by-sa/4.0","Rick Doble","Own work"
"15","File:01 Vaya kachestvo.gif","15_01_Vaya_kachestvo.gif","28531","0,03","0","0","0","0","https://upload.wikimedia.org/wikipedia/commons/f/fc/01_Vaya_kachestvo.gif?utm_source=commons.wikimedia.org&utm_campaign=imageinfo&utm_content=original","https://upload.wikimedia.org/wikipedia/commons/f/fc/01_Vaya_kachestvo.gif?utm_source=commons.wikimedia.org&utm_campaign=imageinfo&utm_content=original","https://commons.wikimedia.org/wiki/File%3A01_Vaya_kachestvo.gif","CC BY-SA 2.5","https://creativecommons.org/licenses/by-sa/2.5","User:Vaya","Own work"
"16","File:104-Uniform 14VRP p4g (6px).gif","16_104-Uniform_14VRP_p4g_(6px).gif","16628","0,02","0","0","0","0","https://upload.wikimedia.org/wikipedia/commons/a/ad/104-Uniform_14VRP_p4g_%286px%29.gif?utm_source=commons.wikimedia.org&utm_campaign=imageinfo&utm_content=original","https://upload.wikimedia.org/wikipedia/commons/a/ad/104-Uniform_14VRP_p4g_%286px%29.gif?utm_source=commons.wikimedia.org&utm_campaign=imageinfo&utm_content=original","https://commons.wikimedia.org/wiki/File%3A104-Uniform_14VRP_p4g_(6px).gif","CC BY-SA 4.0","https://creativecommons.org/licenses/by-sa/4.0","Harry Princeton","Own work"
"17","File:1200am blink.gif","17_1200am_blink.gif","6143","0,01","0","0","0","0","https://upload.wikimedia.org/wikipedia/commons/b/b6/1200am_blink.gif?utm_source=commons.wikimedia.org&utm_campaign=imageinfo&utm_content=original","https://upload.wikimedia.org/wikipedia/commons/b/b6/1200am_blink.gif?utm_source=commons.wikimedia.org&utm_campaign=imageinfo&utm_content=original","https://commons.wikimedia.org/wiki/File%3A1200am_blink.gif","Public domain","","Original : Anakin101 Deriv : Scarce","File:LED digit 1.png File:LED digit 2.png File:LED colon.png File:LED digit 0.png File:LED am.png"
"18","File:16x9 animated 135.gif","18_16x9_animated_135.gif","3893","0","0","0","0","0","https://upload.wikimedia.org/wikipedia/commons/f/fe/16x9_animated_135.gif?utm_source=commons.wikimedia.org&utm_campaign=imageinfo&utm_content=original","https://upload.wikimedia.org/wikipedia/commons/f/fe/16x9_animated_135.gif?utm_source=commons.wikimedia.org&utm_campaign=imageinfo&utm_content=original","https://commons.wikimedia.org/wiki/File%3A16x9_animated_135.gif","CC BY-SA 4.0","https://creativecommons.org/licenses/by-sa/4.0","Scarabaeus23","Own work"
"19","File:6X6 Anim 5PX.gif","19_6X6_Anim_5PX.gif","106","0","0","0","0","0","https://upload.wikimedia.org/wikipedia/commons/e/e5/6X6_Anim_5PX.gif?utm_source=commons.wikimedia.org&utm_campaign=imageinfo&utm_content=original","https://upload.wikimedia.org/wikipedia/commons/e/e5/6X6_Anim_5PX.gif?utm_source=commons.wikimedia.org&utm_campaign=imageinfo&utm_content=original","https://commons.wikimedia.org/wiki/File%3A6X6_Anim_5PX.gif","CC BY-SA 3.0","http://creativecommons.org/licenses/by-sa/3.0/","Wikisoft* @@@-fr 09:16, 24 May 2008 (UTC)","Wikisoft* @@@-fr 09:16, 24 May 2008 (UTC)"
"20","File:8x8anim-3colours.gif","20_8x8anim-3colours.gif","194","0","0","0","0","0","https://upload.wikimedia.org/wikipedia/commons/e/ef/8x8anim-3colours.gif?utm_source=commons.wikimedia.org&utm_campaign=imageinfo&utm_content=original","https://upload.wikimedia.org/wikipedia/commons/e/ef/8x8anim-3colours.gif?utm_source=commons.wikimedia.org&utm_campaign=imageinfo&utm_content=original","https://commons.wikimedia.org/wiki/File%3A8x8anim-3colours.gif","CC BY-SA 3.0","https://creativecommons.org/licenses/by-sa/3.0","André437","Own work"
"21","File:8x8anim-lime-black.gif","21_8x8anim-lime-black.gif","138","0","0","0","0","0","https://upload.wikimedia.org/wikipedia/commons/f/f1/8x8anim-lime-black.gif?utm_source=commons.wikimedia.org&utm_campaign=imageinfo&utm_content=original","https://upload.wikimedia.org/wikipedia/commons/f/f1/8x8anim-lime-black.gif?utm_source=commons.wikimedia.org&utm_campaign=imageinfo&utm_content=original","https://commons.wikimedia.org/wiki/File%3A8x8anim-lime-black.gif","CC BY-SA 3.0","https://creativecommons.org/licenses/by-sa/3.0","André437","Own work"
